1	2008-10-30
2	2008-10-28
3	2008-11-10
4	2008-09-30
5	2008-11-13
6	2008-11-13
7	2008-11-12
8	2008-12-08
9	2008-12-08
10	2008-12-13
11	2008-12-08
12	2008-12-17
13	2008-12-15
14	2008-12-24
15	2009-01-03
16	2009-01-05
17	2008-12-17
18	2008-12-23
19	2009-01-16
20	2009-02-06
21	2009-04-04
22	2009-04-07
23	2009-04-07
24	2009-04-11
25	2009-04-11
26	2009-04-13
27	2009-04-17
28	2009-04-22
29	2009-04-22
30	2009-04-14
31	2009-04-11
32	2009-05-10
33	2009-05-01
34	2009-05-04
35	2009-05-14
37	2009-04-01
38	2009-05-04
39	2009-05-08
40	2009-04-29
41	2009-05-18
42	2009-05-07
43	2009-05-10
44	2009-06-29
45	2009-07-23
46	2009-07-26
47	2009-08-07
48	2009-10-15
49	2009-11-13
50	2009-12-15
51	2009-12-18
52	2009-12-18
53	2009-12-26
54	2010-01-01
55	2020-01-03
56	2009-12-26
57	2010-01-04
58	2009-12-16
59	2009-12-28
60	2009-12-25
61	2009-12-25
62	2010-01-03
63	2009-12-15
64	2009-12-26
65	2010-01-05
66	2009-12-22
67	2009-10-27
68	2010-01-04
69	2010-01-03
70	2009-12-22
71	2010-01-03
72	2009-12-21
73	2010-01-08
74	2010-01-06
75	2009-12-24
76	2009-12-11
77	2009-12-28
78	2010-01-08
79	2010-01-06
80	2009-12-26
81	2010-01-06
82	2010-01-07
83	2010-01-03
84	2010-01-04
85	2010-01-15
86	2010-01-14
87	2010-01-10
88	2010-01-14
89	2009-12-28
90	2010-01-15
91	2009-12-17
92	2010-01-20
93	2010-01-19
94	2009-12-21
95	2010-01-15
96	2009-12-21
97	2009-12-14
98	2010-01-08
99	2010-01-15
100	2010-01-07
101	2010-01-25
102	2009-12-26
103	2010-01-28
104	2010-01-08
105	2010-01-20
106	2010-01-07
107	2010-01-22
108	2010-01-27
109	2010-01-25
110	2010-01-03
111	2010-02-01
112	2010-01-21
113	2010-01-14
114	2010-01-26
115	2009-12-15
116	2010-01-20
117	2009-10-30
118	2010-02-11
119	2009-12-23
120	2010-02-10
121	2010-02-01
122	2010-02-08
123	2010-01-28
124	2010-01-25
125	2010-03-01
126	2010-02-10
127	2010-01-08
128	2010-02-23
129	2010-02-16
130	2010-02-21
131	2010-02-26
132	2010-03-09
133	2010-03-15
134	2010-02-26
135	2010-03-06
136	2010-03-17
137	2010-03-25
138	2010-03-14
139	2010-03-25
140	2010-04-02
141	2009-11-22
142	2010-04-09
143	2010-04-17
144	2010-03-26
145	2010-04-27
146	2010-04-30
